base,string_id,titulo_interpretativo_string,bibtex_key_original,title,authors,year,doi,venue,status,motivo,origens,tem_abstract
PubMed,S2,PubMed S2 — DL/CNN específico em endoscopia alta,pmid_36754065,Deep learning-based clinical decision support system for gastric neoplasms in real-time endoscopy: development and validation study,"Gong EJ, Bang CS, Lee JJ, Baik GH, Lim H, Jeong JH, Choi SW, Cho J, Kim DY, Lee KB, Shin SI, Sigmund D, Moon BI, Park SC, Lee SH, Bang KB, Son DS.",2023,10.1055/a-2031-0691,Endoscopy,included,DL/CV em endoscopia com achado do trato GI alto.,PubMed/S2; PubMed/S3,sim
PubMed,S2,PubMed S2 — DL/CNN específico em endoscopia alta,pmid_38000874,A deep learning system for detection of early Barrett's neoplasia: a model development and validation study,"Fockens KN, Jong MR, Jukema JB, Boers TGW, Kusters CHJ, van der Putten JA, Pouw RE, Duits LC, Montazeri NSM, van Munster SN, Weusten BLAM, Alvarez Herrero L, Houben MHMG, Nagengast WB, Westerhof J, Alkhalaf A, Mallant-Hent RC, Scholten P, Ragunath K, Seewald S, Elbe P, Baldaque-Silva F, Barret M, Ortiz Fernández-Sordo J, Villarejo GM, Pech O, Beyna T, van der Sommen F, de With PH, de Groof AJ, Bergman JJ; Barrett's Oesophagus Imaging for Artificial Intelligence (BONS-AI) consortium.",2023,10.1016/S2589-7500(23)00199-1,Lancet Digit Health,included,DL/CV em endoscopia com achado do trato GI alto.,PubMed/S2; PubMed/S3,sim
PubMed,S2,PubMed S2 — DL/CNN específico em endoscopia alta,pmid_40675599,Artificial intelligence for endoscopic grading of gastric intestinal metaplasia: advancing risk stratification for gastric cancer,"Almeida E, Martins ML, Marques D, Delas R, Almeida T, Chaves J, Libânio D, Renna F, Coimbra MT, Dinis-Ribeiro M.",2025,10.1055/a-2657-9906,Endoscopy,duplicate,Duplicata de 'Artificial intelligence for endoscopic grading of gastric intestinal metaplasia:…' já presente em Scopus/S1.,PubMed/S2,sim
PubMed,S2,PubMed S2 — DL/CNN específico em endoscopia alta,pmid_38899022,Gastric Section Correlation Network for Gastric Precancerous Lesion Diagnosis,"Jhang JY, Tsai YC, Hsu TC, Huang CR, Cheng HC, Sheu BS.",2023,10.1109/OJEMB.2023.3277219,IEEE Open J Eng Med Biol,duplicate,Duplicata de 'Gastric Section Correlation Network for Gastric Precancerous Lesion Diagnosis…' já presente em Scopus/S1.,PubMed/S2,sim
PubMed,S2,PubMed S2 — DL/CNN específico em endoscopia alta,pmid_40020636,A multimodal deep learning model for detecting endoscopic images of near-infrared fluorescence capsules,"Wang J, Zhou C, Wang W, Zhang H, Zhang A, Cui D.",2025,10.1016/j.bios.2025.117251,Biosens Bioelectron,included,DL/CV em endoscopia com achado do trato GI alto.,PubMed/S2; PubMed/S3,sim
PubMed,S2,PubMed S2 — DL/CNN específico em endoscopia alta,pmid_38954175,An artificial intelligence system for comprehensive pathologic outcome prediction in early gastric cancer through endoscopic image analysis (with video),"Lee S, Jeon J, Park J, Chang YH, Shin CM, Oh MJ, Kim SH, Kang S, Park SH, Kim SG, Lee HJ, Yang HK, Lee HS, Cho SJ.",2024,10.1007/s10120-024-01524-3,Gastric Cancer,duplicate,Duplicata de 'An artificial intelligence system for comprehensive pathologic outcome predictio…' já presente em Scopus/S1.,PubMed/S2,sim
PubMed,S2,PubMed S2 — DL/CNN específico em endoscopia alta,pmid_37818651,Deep learning to predict esophageal variceal bleeding based on endoscopic images,"Hong Y, Yu Q, Mo F, Yin M, Xu C, Zhu S, Lin J, Xu G, Gao J, Liu L, Wang Y.",2023,10.1177/03000605231200371,J Int Med Res,included,DL/CV em endoscopia com achado do trato GI alto.,PubMed/S2,sim
PubMed,S2,PubMed S2 — DL/CNN específico em endoscopia alta,pmid_40423011,A Multitask Network for the Diagnosis of Autoimmune Gastritis,"Cao Y, Zhao Y, Jin X, Zhang J, Zhang G, Huang P, Zhang G, Han Y.",2025,10.3390/jimaging11050154,J Imaging,duplicate,Duplicata de 'A Multitask Network for the Diagnosis of Autoimmune Gastritis…' já presente em Scopus/S1.,PubMed/S2,sim
PubMed,S2,PubMed S2 — DL/CNN específico em endoscopia alta,pmid_39464781,Review of Deep Learning Performance in Wireless Capsule Endoscopy Images for GI Disease Classification,"Habe TT, Haataja K, Toivanen P.",2024,10.12688/f1000research.145950.2,F1000Res,included,"Endoscopia com contribuição metodológica relevante (multilabel, desbalanceamento, explicabilidade ou artefatos).",PubMed/S2,sim
PubMed,S2,PubMed S2 — DL/CNN específico em endoscopia alta,pmid_37673575,Self-supervised out-of-distribution detection in wireless capsule endoscopy images,"Quindós A, Laiz P, Vitrià J, Seguí S.",2023,10.1016/j.artmed.2023.102606,Artif Intell Med,included,"Sinais ambíguos no abstract, mas recuperado por string forte (Pub-Med/S2) com filtro endoscopia alta + IA — confiável.",PubMed/S2,sim
PubMed,S2,PubMed S2 — DL/CNN específico em endoscopia alta,pmid_33493998,Deep transfer learning approaches for bleeding detection in endoscopy images,"Caroppo A, Leone A, Siciliano P.",2021,10.1016/j.compmedimag.2020.101852,Comput Med Imaging Graph,included,"Sinais ambíguos no abstract, mas recuperado por string forte (Pub-Med/S2) com filtro endoscopia alta + IA — confiável.",PubMed/S2,sim
PubMed,S2,PubMed S2 — DL/CNN específico em endoscopia alta,pmid_32377939,Deep learning-based anatomical site classification for upper gastrointestinal endoscopy,"He Q, Bano S, Ahmad OF, Yang B, Chen X, Valdastri P, Lovat LB, Stoyanov D, Zuo S.",2020,10.1007/s11548-020-02148-5,Int J Comput Assist Radiol Surg,duplicate,Duplicata de 'Deep learning-based anatomical site classification for upper gastrointestinal en…' já presente em Scopus/S1.,PubMed/S2,sim
PubMed,S2,PubMed S2 — DL/CNN específico em endoscopia alta,pmid_34586491,Deep learning-based endoscopic anatomy classification: an accelerated approach for data preparation and model validation,"Chang YY, Li PC, Chang RF, Yao CD, Chen YY, Chang WY, Yen HH.",2022,10.1007/s00464-021-08698-2,Surg Endosc,duplicate,Duplicata de 'Deep learning-based endoscopic anatomy classification: an accelerated approach f…' já presente em Scopus/S1.,PubMed/S2,sim
PubMed,S2,PubMed S2 — DL/CNN específico em endoscopia alta,pmid_30719560,Spotting malignancies from gastric endoscopic images using deep learning,"Lee JH, Kim YJ, Kim YW, Park S, Choi YI, Kim YJ, Park DK, Kim KG, Chung JW.",2019,10.1007/s00464-019-06677-2,Surg Endosc,included,Visão computacional/DL aplicada a endoscopia digestiva alta (contexto: dataset/benchmark).,PubMed/S2; PubMed/S3; Springer Nature Link/S1; Springer Nature Link/S2,sim
PubMed,S2,PubMed S2 — DL/CNN específico em endoscopia alta,pmid_34239268,Usefulness of artificial intelligence in gastric neoplasms,"Kim JH, Nam SJ, Park SC.",2021,10.3748/wjg.v27.i24.3543,World J Gastroenterol,duplicate,Duplicata de 'Usefulness of artificial intelligence in gastric neoplasms…' já presente em Scopus/S1.,PubMed/S2,sim
PubMed,S2,PubMed S2 — DL/CNN específico em endoscopia alta,pmid_41063106,Artificial intelligence-assisted endoscopic diagnosis system for diagnosing Helicobacter pylori infection: a multicenter study,"Hu Y, Xu J, Huang L, Zheng Z, Zhao J, Chen T, Liu J, Zhang F, Ding X, Pan J, Wang X, Liu S, Zhang L, Lv B.",2025,10.1186/s12916-025-04379-2,BMC Med,duplicate,Duplicata de 'Artificial intelligence–assisted endoscopic diagnosis system for diagnosing Heli…' já presente em Scopus/S1.,PubMed/S2,sim
PubMed,S2,PubMed S2 — DL/CNN específico em endoscopia alta,pmid_36907035,Transformer-based multi-task learning for classification and segmentation of gastrointestinal tract endoscopic images,"Tang S, Yu X, Cheang CF, Liang Y, Zhao P, Yu HH, Choi IC.",2023,10.1016/j.compbiomed.2023.106723,Comput Biol Med,included,DL/CV em endoscopia com achado do trato GI alto.,PubMed/S2; ScienceDirect/S1; ScienceDirect/S2,sim
PubMed,S2,PubMed S2 — DL/CNN específico em endoscopia alta,pmid_30596566,Reliable Label-Efficient Learning for Biomedical Image Recognition,"Gu Y, Shen M, Yang J, Yang GZ.",2019,10.1109/TBME.2018.2889915,IEEE Trans Biomed Eng,included,DL/CV em endoscopia com achado do trato GI alto.,PubMed/S2,sim
PubMed,S2,PubMed S2 — DL/CNN específico em endoscopia alta,pmid_33132647,Artificial intelligence technique in detection of early esophageal cancer,"Huang LM, Yang WJ, Huang ZY, Tang CW, Li J.",2020,10.3748/wjg.v26.i39.5959,World J Gastroenterol,included,DL/CV em endoscopia com achado do trato GI alto.,PubMed/S2; PubMed/S3,sim
PubMed,S2,PubMed S2 — DL/CNN específico em endoscopia alta,pmid_37066932,Evaluation of deep learning methods for early gastric cancer detection using gastroscopic images,"Su X, Liu Q, Gao X, Ma L.",2023,10.3233/THC-236027,Technol Health Care,included,Visão computacional/DL aplicada a endoscopia digestiva alta.,PubMed/S2; Scopus/S1; Web of Science/S1,sim
PubMed,S2,PubMed S2 — DL/CNN específico em endoscopia alta,pmid_38574544,Robustness evaluation of deep neural networks for endoscopic image analysis: Insights and strategies,"Jaspers TJM, Boers TGW, Kusters CHJ, Jong MR, Jukema JB, de Groof AJ, Bergman JJ, de With PHN, van der Sommen F.",2024,10.1016/j.media.2024.103157,Med Image Anal,included,"Sinais ambíguos no abstract, mas recuperado por string forte (Pub-Med/S2) com filtro endoscopia alta + IA — confiável.",PubMed/S2; ScienceDirect/S8,sim
PubMed,S2,PubMed S2 — DL/CNN específico em endoscopia alta,pmid_35177717,Artificial intelligence enabled automated diagnosis and grading of ulcerative colitis endoscopy images,"Sutton RT, Zai Ane OR, Goebel R, Baumgart DC.",2022,10.1038/s41598-022-06726-2,Sci Rep,included,DL/CV em endoscopia com achado do trato GI alto.,PubMed/S2,sim
PubMed,S2,PubMed S2 — DL/CNN específico em endoscopia alta,pmid_40000222,[Research progress on endoscopic image diagnosis of gastric tumors based on deep learning],"Gao Y, Wei G.",2024,10.7507/1001-5515.202404004,Sheng Wu Yi Xue Gong Cheng Xue Za Zhi,duplicate,Duplicata de 'Research progress on endoscopic image diagnosis of gastric tumors based on deep …' já presente em Scopus/S1.,PubMed/S2,sim
PubMed,S2,PubMed S2 — DL/CNN específico em endoscopia alta,pmid_28160514,Deep learning for polyp recognition in wireless capsule endoscopy images,"Yuan Y, Meng MQ.",2017,10.1002/mp.12147,Med Phys,included,"Sinais ambíguos no abstract, mas recuperado por string forte (Pub-Med/S2) com filtro endoscopia alta + IA — confiável.",PubMed/S2,sim
PubMed,S2,PubMed S2 — DL/CNN específico em endoscopia alta,pmid_38457410,A Deep Learning Application of Capsule Endoscopic Gastric Structure Recognition Based on a Transformer Model,"Li Q, Xie W, Wang Y, Qin K, Huang M, Liu T, Chen Z, Chen L, Teng L, Fang Y, Ye L, Chen Z, Zhang J, Li A, Yang W, Liu S.",2024,10.1097/MCG.0000000000001972,J Clin Gastroenterol,included,DL/CV em endoscopia com achado do trato GI alto.,PubMed/S2; PubMed/S3,sim
PubMed,S2,PubMed S2 — DL/CNN específico em endoscopia alta,pmid_37812856,A Temporal Learning Approach to Inpainting Endoscopic Specularities and Its Effect on Image Correspondence,"Daher R, Vasconcelos F, Stoyanov D.",2023,10.1016/j.media.2023.102994,Med Image Anal,duplicate,Duplicata de 'A Temporal Learning Approach to Inpainting Endoscopic Specularities and Its Effe…' já presente em Scopus/S1.,PubMed/S2,sim
PubMed,S2,PubMed S2 — DL/CNN específico em endoscopia alta,pmid_39173410,"Foundation models in gastrointestinal endoscopic AI: Impact of architecture, pre-training approach and data efficiency","Boers TGW, Fockens KN, van der Putten JA, Jaspers TJM, Kusters CHJ, Jukema JB, Jong MR, Struyvenberg MR, de Groof J, Bergman JJ, de With PHN, van der Sommen F.",2024,10.1016/j.media.2024.103298,Med Image Anal,duplicate,"Duplicata de 'Foundation models in gastrointestinal endoscopic AI: Impact of architecture, pre…' já presente em Scopus (VLM/FMs)/S1.",PubMed/S2,sim
PubMed,S2,PubMed S2 — DL/CNN específico em endoscopia alta,pmid_40293663,Detection of pathologic complete response using deep neural network-based endoscopic evaluation in patients with esophageal cancer receiving neoadjuvant chemotherapy: a nationwide multicenter retrospective study from 46 Japanese esophageal centers,"Matsuda S, Irino T, Kitagawa Y, Okamura A, Mayanagi S, Booka E, Takeuchi M, Kitadani J, Kanda M, Abe T, Bamba T, Iwatsuki M, Kagaya T, Kurogochi T, Tsubosa Y, Kawakubo H, Kakeji Y, Kono K, Watanabe M, Takeuchi H.",2025,10.1007/s10388-025-01130-x,Esophagus,duplicate,Duplicata de 'Detection of pathologic complete response using deep neural network-based endosc…' já presente em Scopus/S1.,PubMed/S2,sim
PubMed,S2,PubMed S2 — DL/CNN específico em endoscopia alta,pmid_36646146,Detection of duodenal villous atrophy on endoscopic images using a deep learning algorithm,"Scheppach MW, Rauber D, Stallhofer J, Muzalyova A, Otten V, Manzeneder C, Schwamberger T, Wanzl J, Schlottmann J, Tadic V, Probst A, Schnoy E, Römmele C, Fleischmann C, Meinikheim M, Miller S, Märkl B, Stallmach A, Palm C, Messmann H, Ebigbo A.",2023,10.1016/j.gie.2023.01.006,Gastrointest Endosc,duplicate,Duplicata de 'Detection of duodenal villous atrophy on endoscopic images using a deep learning…' já presente em Scopus/S1.,PubMed/S2,sim
PubMed,S2,PubMed S2 — DL/CNN específico em endoscopia alta,pmid_34598534,Multiple abnormality classification in wireless capsule endoscopy images based on EfficientNet using attention mechanism,"Guo X, Zhang L, Hao Y, Zhang L, Liu Z, Liu J.",2021,10.1063/5.0054161,Rev Sci Instrum,included,"Sinais ambíguos no abstract, mas recuperado por string forte (Pub-Med/S2) com filtro endoscopia alta + IA — confiável.",PubMed/S2,sim
PubMed,S2,PubMed S2 — DL/CNN específico em endoscopia alta,pmid_39338266,Applications of Artificial Intelligence-Based Systems in the Management of Esophageal Varices,"Brata VD, Incze V, Ismaiel A, Turtoi DC, Grad S, Popovici R, Duse TA, Surdea-Blaga T, Padureanu AM, David L, Dita MO, Baldea CA, Popa SL.",2024,10.3390/jpm14091012,J Pers Med,duplicate,Duplicata de 'Applications of Artificial Intelligence-Based Systems in the Management of Esoph…' já presente em Scopus/S1.,PubMed/S2,sim
PubMed,S2,PubMed S2 — DL/CNN específico em endoscopia alta,pmid_29994763,Detecting and Locating Gastrointestinal Anomalies Using Deep Learning and Iterative Cluster Unification,"Iakovidis DK, Georgakopoulos SV, Vasilakakis M, Koulaouzidis A, Plagianakos VP.",2018,10.1109/TMI.2018.2837002,IEEE Trans Med Imaging,duplicate,Duplicata de 'Detecting and Locating Gastrointestinal Anomalies Using Deep Learning and Iterat…' já presente em Scopus/S1.,PubMed/S2,sim
PubMed,S2,PubMed S2 — DL/CNN específico em endoscopia alta,pmid_35260574,Automated detection of celiac disease using Machine Learning Algorithms,"Stoleru CA, Dulf EH, Ciobanu L.",2022,10.1038/s41598-022-07199-z,Sci Rep,duplicate,Duplicata de 'Automated detection of celiac disease using Machine Learning Algorithms…' já presente em Springer Nature Link/S1.,PubMed/S2,sim
PubMed,S2,PubMed S2 — DL/CNN específico em endoscopia alta,pmid_33130417,WCE polyp detection with triplet based embeddings,"Laiz P, Vitrià J, Wenzek H, Malagelada C, Azpiroz F, Seguí S.",2020,10.1016/j.compmedimag.2020.101794,Comput Med Imaging Graph,included,DL/CV em endoscopia com achado do trato GI alto.,PubMed/S2,sim
PubMed,S2,PubMed S2 — DL/CNN específico em endoscopia alta,pmid_29470172,Hookworm Detection in Wireless Capsule Endoscopy Images With Deep Learning,"He JY, Wu X, Jiang YG, Peng Q, Jain R.",2018,10.1109/TIP.2018.2801119,IEEE Trans Image Process,included,"Sinais ambíguos no abstract, mas recuperado por string forte (Pub-Med/S2) com filtro endoscopia alta + IA — confiável.",PubMed/S2,sim
PubMed,S2,PubMed S2 — DL/CNN específico em endoscopia alta,pmid_39483096,GastroFuse-Net: an ensemble deep learning framework designed for gastrointestinal abnormality detection in endoscopic images,"Aggarwal S, Gupta I, Kumar A, Kautish S, Almazyad AS, Mohamed AW, Werner F, Shokouhifar M.",2024,10.3934/mbe.2024300,Math Biosci Eng,included,DL/CV em endoscopia com achado do trato GI alto.,PubMed/S2,sim
PubMed,S2,PubMed S2 — DL/CNN específico em endoscopia alta,pmid_36738708,Real-time gastric intestinal metaplasia diagnosis tailored for bias and noisy-labeled data with multiple endoscopic imaging,"Pornvoraphat P, Tiankanon K, Pittayanon R, Sunthornwetchapong P, Vateekul P, Rerknimitr R.",2023,10.1016/j.compbiomed.2023.106582,Comput Biol Med,duplicate,Duplicata de 'Real-time gastric intestinal metaplasia diagnosis tailored for bias and noisy-la…' já presente em Scopus/S1.,PubMed/S2,sim
PubMed,S2,PubMed S2 — DL/CNN específico em endoscopia alta,pmid_36864325,Evaluation of Endoscopic Response Using Deep Neural Network in Esophageal Cancer Patients Who Received Neoadjuvant Chemotherapy,"Matsuda S, Irino T, Kawakubo H, Takeuchi M, Nishimura E, Hisaoka K, Sano J, Kobayashi R, Fukuda K, Nakamura R, Takeuchi H, Kitagawa Y.",2023,10.1245/s10434-023-13140-z,Ann Surg Oncol,duplicate,Duplicata de 'Evaluation of Endoscopic Response Using Deep Neural Network in Esophageal Cancer…' já presente em Scopus/S1.,PubMed/S2,sim
PubMed,S2,PubMed S2 — DL/CNN específico em endoscopia alta,pmid_38400815,Computer-aided diagnosis in real-time endoscopy for all stages of gastric carcinogenesis: Development and validation study,"Gong EJ, Bang CS, Lee JJ.",2024,10.1002/ueg2.12551,United European Gastroenterol J,included,DL/CV em endoscopia com achado do trato GI alto.,PubMed/S2; PubMed/S3; Web of Science/S1; Web of Science/S2,sim
PubMed,S2,PubMed S2 — DL/CNN específico em endoscopia alta,pmid_39691834,Artificial Intelligence-Based Classification of Anatomical Sites in Esophagogastroduodenoscopy Images,"Yuan P, Ma ZH, Yan Y, Li SJ, Wang J, Wu Q.",2024,10.2147/IJGM.S481127,Int J Gen Med,included,Visão computacional/DL aplicada a endoscopia digestiva alta.,PubMed/S2; Web of Science/S1,sim
PubMed,S2,PubMed S2 — DL/CNN específico em endoscopia alta,pmid_32064684,Artificial intelligence-based detection of pharyngeal cancer using convolutional neural networks,"Tamashiro A, Yoshio T, Ishiyama A, Tsuchida T, Hijikata K, Yoshimizu S, Horiuchi Y, Hirasawa T, Seto A, Sasaki T, Fujisaki J, Tada T.",2020,10.1111/den.13653,Dig Endosc,duplicate,Duplicata de 'Artificial intelligence-based detection of pharyngeal cancer using convolutional…' já presente em Scopus/S1.,PubMed/S2,sim
PubMed,S2,PubMed S2 — DL/CNN específico em endoscopia alta,pmid_39498518,A deep learning approach for gastroscopic manifestation recognition based on Kyoto Gastritis Score,"Liu A, Zhang X, Zhong J, Wang Z, Ge Z, Wang Z, Fan X, Zhang J.",2024,10.1080/07853890.2024.2418963,Ann Med,duplicate,Duplicata de 'A deep learning approach for gastroscopic manifestation recognition based on Kyo…' já presente em Scopus/S1.,PubMed/S2,sim
PubMed,S2,PubMed S2 — DL/CNN específico em endoscopia alta,pmid_32798923,Anatomical classification of upper gastrointestinal organs under various image capture conditions using AlexNet,"Igarashi S, Sasaki Y, Mikami T, Sakuraba H, Fukuda S.",2020,10.1016/j.compbiomed.2020.103950,Comput Biol Med,duplicate,Duplicata de 'Anatomical classification of upper gastrointestinal organs under various image c…' já presente em Scopus/S1.,PubMed/S2,sim
PubMed,S2,PubMed S2 — DL/CNN específico em endoscopia alta,pmid_34455302,A deep CNN model for anomaly detection and localization in wireless capsule endoscopy images,"Jain S, Seal A, Ojha A, Yazidi A, Bures J, Tacheci I, Krejcar O.",2021,10.1016/j.compbiomed.2021.104789,Comput Biol Med,included,DL/CV em endoscopia com achado do trato GI alto.,PubMed/S2,sim
PubMed,S2,PubMed S2 — DL/CNN específico em endoscopia alta,pmid_37256409,Computer-aided demarcation of early gastric cancer: a pilot comparative study with endoscopists,"Takemoto S, Hori K, Yoshimasa S, Nishimura M, Nakajo K, Inaba A, Sasabe M, Aoyama N, Watanabe T, Minakata N, Ikematsu H, Yokota H, Yano T.",2023,10.1007/s00535-023-02001-x,J Gastroenterol,duplicate,Duplicata de 'Computer-aided demarcation of early gastric cancer: a pilot comparative study wi…' já presente em Scopus/S1.,PubMed/S2,sim
PubMed,S2,PubMed S2 — DL/CNN específico em endoscopia alta,pmid_38583908,Application of the convolution neural network in determining the depth of invasion of gastrointestinal cancer: a systematic review and meta-analysis,"Wu R, Qin K, Fang Y, Xu Y, Zhang H, Li W, Luo X, Han Z, Liu S, Li Q.",2024,10.1016/j.gassur.2023.12.029,J Gastrointest Surg,duplicate,Duplicata de 'Application of the convolution neural network in determining the depth of invasi…' já presente em ScienceDirect/S1.,PubMed/S2,sim
PubMed,S2,PubMed S2 — DL/CNN específico em endoscopia alta,pmid_34545292,Gastrointestinal Tract Disease Classification from Wireless Endoscopy Images Using Pretrained Deep Learning Model,"Yogapriya J, Chandran V, Sumithra MG, Anitha P, Jenopaul P, Suresh Gnana Dhas C.",2021,10.1155/2021/5940433,Comput Math Methods Med,included,DL/CV em endoscopia com achado do trato GI alto.,PubMed/S2,sim
PubMed,S2,PubMed S2 — DL/CNN específico em endoscopia alta,pmid_36872201,Assessment of Helicobacter pylori infection by deep learning based on endoscopic videos in real time,"Li YD, Wang HG, Chen SS, Yu JP, Ruan RW, Jin CH, Chen M, Jin JY, Wang S.",2023,10.1016/j.dld.2023.02.010,Dig Liver Dis,duplicate,"Duplicata de 'Assessment of Helicobacter pylori infection by deep
learning based on endoscopic…' já presente em Web of Science/S1.",PubMed/S2,sim
PubMed,S2,PubMed S2 — DL/CNN específico em endoscopia alta,pmid_37949083,Using deep learning to assess the function of gastroesophageal flap valve according to the Hill classification system,"Ge Z, Fang Y, Chang J, Yu Z, Qiao Y, Zhang J, Yang X, Duan Z.",2023,10.1080/07853890.2023.2279239,Ann Med,included,DL/CV em endoscopia com achado do trato GI alto.,PubMed/S2; PubMed/S5,sim
PubMed,S2,PubMed S2 — DL/CNN específico em endoscopia alta,pmid_36244302,Deep convolutional neural networks with ensemble learning and transfer learning for automated detection of gastrointestinal diseases,"Su Q, Wang F, Chen D, Chen G, Li C, Wei L.",2022,10.1016/j.compbiomed.2022.106054,Comput Biol Med,included,DL/CV em endoscopia com achado do trato GI alto.,PubMed/S2,sim
PubMed,S2,PubMed S2 — DL/CNN específico em endoscopia alta,pmid_36405108,Enhanced segmentation of gastrointestinal polyps from capsule endoscopy images with artifacts using ensemble learning,"Zhou JX, Yang Z, Xi DH, Dai SJ, Feng ZQ, Li JY, Xu W, Wang H.",2022,10.3748/wjg.v28.i41.5931,World J Gastroenterol,included,DL/CV em endoscopia com achado do trato GI alto.,PubMed/S2,sim
PubMed,S2,PubMed S2 — DL/CNN específico em endoscopia alta,pmid_35038118,Automated detection of ulcers and erosions in capsule endoscopy images using a convolutional neural network,"Afonso J, Saraiva MM, Ferreira JPS, Cardoso H, Ribeiro T, Andrade P, Parente M, Jorge RN, Macedo G.",2022,10.1007/s11517-021-02486-9,Med Biol Eng Comput,included,DL/CV em endoscopia com achado do trato GI alto.,PubMed/S2; PubMed/S3,sim
PubMed,S2,PubMed S2 — DL/CNN específico em endoscopia alta,pmid_40682425,A Multisite Fusion-Based Deep Convolutional Neural Network for Classification of Helicobacter pylori Infection Status Using Endoscopic Images: A Multicenter Study,"Dai D, Quan X, Zheng Y, Wang Y, Hao Q, Lei Y, Gao Y, Liang J, Zhang H, Huang Y, Chen C, Wang J, Zhang J, Wu J, Zou B, Li L, Shi H, Qin B.",2025,10.1111/jgh.70004,J Gastroenterol Hepatol,duplicate,Duplicata de 'A Multisite Fusion-Based Deep Convolutional Neural Network for Classification of…' já presente em Scopus/S1.,PubMed/S2,sim
PubMed,S2,PubMed S2 — DL/CNN específico em endoscopia alta,pmid_38065509,Deep learning-based lesion detection and severity grading of small-bowel Crohn's disease ulcers on double-balloon endoscopy images,"Xie W, Hu J, Liang P, Mei Q, Wang A, Liu Q, Liu X, Wu J, Yang X, Zhu N, Bai B, Mei Y, Liang Z, Han W, Cheng M.",2024,10.1016/j.gie.2023.11.059,Gastrointest Endosc,included,DL/CV em endoscopia com achado do trato GI alto.,PubMed/S2; PubMed/S3,sim
PubMed,S2,PubMed S2 — DL/CNN específico em endoscopia alta,pmid_29399610,Deep learning analyzes Helicobacter pylori infection by upper gastrointestinal endoscopy images,"Itoh T, Kawahira H, Nakashima H, Yata N.",2018,10.1055/s-0043-120830,Endosc Int Open,included,Visão computacional/DL aplicada a endoscopia digestiva alta.,PubMed/S2; Web of Science/S1,sim
PubMed,S2,PubMed S2 — DL/CNN específico em endoscopia alta,pmid_36625026,Using deep learning and explainable artificial intelligence to assess the severity of gastroesophageal reflux disease according to the Los Angeles Classification System,"Ge Z, Wang B, Chang J, Yu Z, Zhou Z, Zhang J, Duan Z.",2023,10.1080/00365521.2022.2163185,Scand J Gastroenterol,duplicate,Duplicata de 'Using deep learning and explainable artificial intelligence to assess the severi…' já presente em Scopus/S1.,PubMed/S2,sim
PubMed,S2,PubMed S2 — DL/CNN específico em endoscopia alta,pmid_30871162,Application of Convolutional Neural Networks for Automated Ulcer Detection in Wireless Capsule Endoscopy Images,"Alaskar H, Hussain A, Al-Aseem N, Liatsis P, Al-Jumeily D.",2019,10.3390/s19061265,Sensors (Basel),included,DL/CV em endoscopia com achado do trato GI alto.,PubMed/S2; PubMed/S3,sim
PubMed,S2,PubMed S2 — DL/CNN específico em endoscopia alta,pmid_35718070,Identification of upper GI diseases during screening gastroscopy using a deep convolutional neural network algorithm,"Yang H, Wu Y, Yang B, Wu M, Zhou J, Liu Q, Lin Y, Li S, Li X, Zhang J, Wang R, Xie Q, Li J, Luo Y, Tu M, Wang X, Lan H, Bai X, Wu H, Zeng F, Zhao H, Yi Z, Zeng F.",2022,10.1016/j.gie.2022.06.011,Gastrointest Endosc,included,Visão computacional/DL aplicada a endoscopia digestiva alta (contexto: dataset/benchmark).,PubMed/S2; ScienceDirect/S1; ScienceDirect/S2; ScienceDirect/S3; ScienceDirect/S4; Scopus/S1; Web of Science/S1,sim
PubMed,S2,PubMed S2 — DL/CNN específico em endoscopia alta,pmid_35697062,A deep learning network based on multi-scale and attention for the diagnosis of chronic atrophic gastritis,"Chong Y, Xie N, Liu X, Zhang M, Huang F, Fang J, Wang F, Pan S, Nie H, Zhao Q.",2022,10.1055/a-1828-1441,Z Gastroenterol,duplicate,Duplicata de 'A deep learning network based on multi-scale and attention for the diagnosis of …' já presente em Scopus/S1.,PubMed/S2,sim
PubMed,S2,PubMed S2 — DL/CNN específico em endoscopia alta,pmid_40749857,GastroNet-5M: A Multicenter Dataset for Developing Foundation Models in Gastrointestinal Endoscopy,"Jong MR, Boers TGW, Fockens KN, Jukema JB, Kusters CHJ, Jaspers TJM, van Eijck van Heslinga RAH, Slooter FC, Struyvenberg MR, Bisschops R, van der Putten JA, de With PHN, van der Sommen F, de Groof AJ, Bergman JJGHM; BONS-AI Consortium.",2026,10.1053/j.gastro.2025.07.030,Gastroenterology,duplicate,Duplicata de 'GastroNet-5M: A Multicenter Dataset for Developing Foundation Models in Gastroin…' já presente em Scopus (VLM/FMs)/S1.,PubMed/S2,sim
PubMed,S2,PubMed S2 — DL/CNN específico em endoscopia alta,pmid_35093845,Optical biopsy mapping on endoscopic image mosaics with a marker-free probe,"Zenteno O, Trinh DH, Treuillet S, Lucas Y, Bazin T, Lamarque D, Daul C.",2022,10.1016/j.compbiomed.2022.105234,Comput Biol Med,duplicate,Duplicata de 'Optical biopsy mapping on endoscopic image mosaics with a marker-free probe…' já presente em Scopus/S1.,PubMed/S2,sim
PubMed,S2,PubMed S2 — DL/CNN específico em endoscopia alta,pmid_33415420,Development of artificial intelligence system for quality control of photo documentation in esophagogastroduodenoscopy,"Choi SJ, Khan MA, Choi HS, Choo J, Lee JM, Kwon S, Keum B, Chun HJ.",2022,10.1007/s00464-020-08236-6,Surg Endosc,duplicate,Duplicata de 'Development of artificial intelligence system for quality control of photo docum…' já presente em Scopus/S1.,PubMed/S2,sim
PubMed,S2,PubMed S2 — DL/CNN específico em endoscopia alta,pmid_34777559,Single Shot Multibox Detector Automatic Polyp Detection Network Based on Gastrointestinal Endoscopic Images,"Chen X, Zhang K, Lin S, Dai KF, Yun Y.",2021,10.1155/2021/2144472,Comput Math Methods Med,included,DL/CV em endoscopia com achado do trato GI alto.,PubMed/S2,sim
PubMed,S2,PubMed S2 — DL/CNN específico em endoscopia alta,pmid_31786452,Celiac disease diagnosis from videocapsule endoscopy images with residual learning and deep feature extraction,"Wang X, Qian H, Ciaccio EJ, Lewis SK, Bhagat G, Green PH, Xu S, Huang L, Gao R, Liu Y.",2020,10.1016/j.cmpb.2019.105236,Comput Methods Programs Biomed,included,DL/CV em endoscopia com achado do trato GI alto.,PubMed/S2; ScienceDirect/S3; ScienceDirect/S4,sim
PubMed,S2,PubMed S2 — DL/CNN específico em endoscopia alta,pmid_37837264,Vocal cord leukoplakia classification using deep learning models in white light and narrow band imaging endoscopy images,"You Z, Han B, Shi Z, Zhao M, Du S, Yan J, Liu H, Hei X, Ren X, Yan Y.",2023,10.1002/hed.27543,Head Neck,included,"Sinais ambíguos no abstract, mas recuperado por string forte (Pub-Med/S2) com filtro endoscopia alta + IA — confiável.",PubMed/S2,sim
PubMed,S2,PubMed S2 — DL/CNN específico em endoscopia alta,pmid_37543555,Endoscopic Evaluation of Pathological Complete Response Using Deep Neural Network in Esophageal Cancer Patients Who Received Neoadjuvant Chemotherapy-Multicenter Retrospective Study from Four Japanese Esophageal Centers,"Matsuda S, Irino T, Okamura A, Mayanagi S, Booka E, Takeuchi M, Kawakubo H, Takeuchi H, Watanabe M, Kitagawa Y.",2023,10.1245/s10434-023-13862-0,Ann Surg Oncol,included,DL/CV em endoscopia com achado do trato GI alto.,PubMed/S2; Springer Nature Link/S1,sim
PubMed,S2,PubMed S2 — DL/CNN específico em endoscopia alta,pmid_40538507,Classification of pediatric video capsule endoscopy images for small bowel abnormalities using deep learning models,"Huang YH, Lin Q, Jin XY, Chou CY, Wei JJ, Xing J, Guo HM, Liu ZF, Lu Y.",2025,10.3748/wjg.v31.i21.107601,World J Gastroenterol,duplicate,Duplicata de 'Classification of pediatric video capsule endoscopy images for small bowel abnor…' já presente em Scopus/S1.,PubMed/S2,sim
PubMed,S2,PubMed S2 — DL/CNN específico em endoscopia alta,pmid_41336747,On the impact of input resolution on CNN-based gastrointestinal endoscopic image classification(),"Lopes I, Almeida E, Libanio D, Dinis-Ribeiro M, Coimbra M, Renna F.",2025,10.1109/EMBC58623.2025.11254367,Annu Int Conf IEEE Eng Med Biol Soc,included,DL/CV em endoscopia com achado do trato GI alto.,PubMed/S2,sim
PubMed,S2,PubMed S2 — DL/CNN específico em endoscopia alta,pmid_41380180,Interpretable deep learning for enhanced multi-class classification of gastrointestinal endoscopic images,"Kamble A, Parashar K, Ronnie E, Bandodkar V, Dharmadhikary S, Anand V, Kumar Sanki P, Wu MX, Jana B.",2026,10.1088/2057-1976/ae2b72,Biomed Phys Eng Express,included,DL/CV em endoscopia com achado do trato GI alto.,PubMed/S2,sim
PubMed,S2,PubMed S2 — DL/CNN específico em endoscopia alta,pmid_39350033,Development and application of an artificial intelligence-assisted endoscopy system for diagnosis of Helicobacter pylori infection: a multicenter randomized controlled study,"Zou PY, Zhu JR, Zhao Z, Mei H, Zhao JT, Sun WJ, Wang GH, Chen DF, Fan LL, Lan CH.",2024,10.1186/s12876-024-03389-3,BMC Gastroenterol,duplicate,Duplicata de 'Development and application of an artificial intelligence-assisted endoscopy sys…' já presente em Scopus/S1.,PubMed/S2,sim
PubMed,S2,PubMed S2 — DL/CNN específico em endoscopia alta,pmid_30033931,Computer-aided detection of small intestinal ulcer and erosion in wireless capsule endoscopy images,"Fan S, Xu L, Fan Y, Wei K, Li L.",2018,10.1088/1361-6560/aad51c,Phys Med Biol,included,DL/CV em endoscopia com achado do trato GI alto.,PubMed/S2; PubMed/S3,sim
PubMed,S2,PubMed S2 — DL/CNN específico em endoscopia alta,pmid_28268409,A deep convolutional neural network for bleeding detection in Wireless Capsule Endoscopy images,"Xiao Jia, Meng MQ.",2016,10.1109/EMBC.2016.7590783,Annu Int Conf IEEE Eng Med Biol Soc,included,DL/CV em endoscopia com achado do trato GI alto.,PubMed/S2,sim
PubMed,S2,PubMed S2 — DL/CNN específico em endoscopia alta,pmid_40411689,Deep ensemble framework with Bayesian optimization for multi-lesion recognition in capsule endoscopy images,"Guo X, Pang L, Chen P, Jiang Q, Zhong Y.",2025,10.1007/s11517-025-03380-4,Med Biol Eng Comput,included,DL/CV em endoscopia com achado do trato GI alto.,PubMed/S2; PubMed/S3,sim
PubMed,S2,PubMed S2 — DL/CNN específico em endoscopia alta,pmid_37838567,Artificial intelligence-based diagnosis of the depth of laryngopharyngeal cancer,"Yumii K, Ueda T, Kawahara D, Chikuie N, Taruya T, Hamamoto T, Takeno S.",2024,10.1016/j.anl.2023.09.001,Auris Nasus Larynx,duplicate,"Duplicata de 'Artificial intelligence-based diagnosis of the depth of
laryngopharyngeal cancer…' já presente em Web of Science/S1.",PubMed/S2,sim
PubMed,S2,PubMed S2 — DL/CNN específico em endoscopia alta,pmid_33216853,Automated Detection of Crohn's Disease Intestinal Strictures on Capsule Endoscopy Images Using Deep Neural Networks,"Klang E, Grinman A, Soffer S, Margalit Yehuda R, Barzilay O, Amitai MM, Konen E, Ben-Horin S, Eliakim R, Barash Y, Kopylov U.",2021,10.1093/ecco-jcc/jjaa234,J Crohns Colitis,included,DL/CV em endoscopia com achado do trato GI alto.,PubMed/S2; PubMed/S3,sim
PubMed,S2,PubMed S2 — DL/CNN específico em endoscopia alta,pmid_39753827,Combining the Variational and Deep Learning Techniques for Classification of Video Capsule Endoscopic Images,"Singh B, Kumar P, Jain SK.",2025,10.1007/s10278-024-01352-y,J Imaging Inform Med,included,DL/CV em endoscopia com achado do trato GI alto.,PubMed/S2,sim
PubMed,S2,PubMed S2 — DL/CNN específico em endoscopia alta,pmid_37902818,Clinical Decision Support System for All Stages of Gastric Carcinogenesis in Real-Time Endoscopy: Model Establishment and Validation Study,"Gong EJ, Bang CS, Lee JJ, Jeong HM, Baik GH, Jeong JH, Dick S, Lee GH.",2023,10.2196/50448,J Med Internet Res,included,DL/CV em endoscopia com achado do trato GI alto.,PubMed/S2; PubMed/S3,sim
PubMed,S2,PubMed S2 — DL/CNN específico em endoscopia alta,pmid_32721487,High pooled performance of convolutional neural networks in computer-aided diagnosis of GI ulcers and/or hemorrhage on wireless capsule endoscopy images: a systematic review and meta-analysis,"Mohan BP, Khan SR, Kassab LL, Ponnada S, Chandan S, Ali T, Dulai PS, Adler DG, Kochhar GS.",2021,10.1016/j.gie.2020.07.038,Gastrointest Endosc,included,DL/CV em endoscopia com achado do trato GI alto.,PubMed/S2; PubMed/S3,sim
PubMed,S2,PubMed S2 — DL/CNN específico em endoscopia alta,pmid_32352719,Application of Convolutional Neural Networks for Detection of Superficial Nonampullary Duodenal Epithelial Tumors in Esophagogastroduodenoscopic Images,"Inoue S, Shichijo S, Aoyama K, Kono M, Fukuda H, Shimamoto Y, Nakagawa K, Ohmori M, Iwagami H, Matsuno K, Iwatsubo T, Nakahira H, Matsuura N, Maekawa A, Kanesaka T, Yamamoto S, Takeuchi Y, Higashino K, Uedo N, Ishihara R, Tada T.",2020,10.14309/ctg.0000000000000154,Clin Transl Gastroenterol,duplicate,"Duplicata de 'Application of Convolutional Neural Networks for Detection of
Superficial Nonamp…' já presente em Web of Science/S1.",PubMed/S2,sim
PubMed,S2,PubMed S2 — DL/CNN específico em endoscopia alta,pmid_33272862,Intelligent detection endoscopic assistant: An artificial intelligence-based system for monitoring blind spots during esophagogastroduodenoscopy in real-time,"Li YD, Zhu SW, Yu JP, Ruan RW, Cui Z, Li YT, Lv MC, Wang HG, Chen M, Jin CH, Wang S.",2021,10.1016/j.dld.2020.11.017,Dig Liver Dis,duplicate,"Duplicata de 'Intelligent detection endoscopic assistant: An artificial
intelligence-based sys…' já presente em Web of Science/S1.",PubMed/S2,sim
PubMed,S2,PubMed S2 — DL/CNN específico em endoscopia alta,pmid_40452611,Artificial intelligence for early gastric cancer boundary recognition in NBI and nF-NBI endoscopic images,"Hong K, Lei C, Kan X, Ouyang Y, Mei Y, Guo Y, Wang B, Zhang D, Li J, Li R, Tang Y.",2025,10.1080/00365521.2025.2509818,Scand J Gastroenterol,duplicate,Duplicata de 'Artificial intelligence for early gastric cancer boundary recognition in NBI and…' já presente em Scopus/S1.,PubMed/S2,sim
PubMed,S2,PubMed S2 — DL/CNN específico em endoscopia alta,pmid_36641124,Development and validation of a convolutional neural network model for diagnosing Helicobacter pylori infections with endoscopic images: a multicenter study,"Seo JY, Hong H, Ryu WS, Kim D, Chun J, Kwak MS.",2023,10.1016/j.gie.2023.01.007,Gastrointest Endosc,included,DL/CV em endoscopia com achado do trato GI alto.,PubMed/S2; ScienceDirect/S3; ScienceDirect/S4,sim
PubMed,S2,PubMed S2 — DL/CNN específico em endoscopia alta,pmid_30441266,Automatic detection of early gastric cancer in endoscopic images using a transferring convolutional neural network,"Sakai Y, Takemoto S, Hori K, Nishimura M, Ikematsu H, Yano T, Yokota H.",2018,10.1109/EMBC.2018.8513274,Annu Int Conf IEEE Eng Med Biol Soc,duplicate,Duplicata de 'Automatic detection of early gastric cancer in endoscopic images using a transfe…' já presente em Scopus/S1.,PubMed/S2,sim
PubMed,S2,PubMed S2 — DL/CNN específico em endoscopia alta,pmid_29060286,Exploring transfer learning for gastrointestinal bleeding detection on small-size imbalanced endoscopy images,"Xiuli Li, Hao Zhang, Xiaolu Zhang, Hao Liu, Guotong Xie.",2017,10.1109/EMBC.2017.8037242,Annu Int Conf IEEE Eng Med Biol Soc,included,DL/CV em endoscopia com achado do trato GI alto.,PubMed/S2,sim
PubMed,S2,PubMed S2 — DL/CNN específico em endoscopia alta,pmid_35145918,Construction and Multicenter Diagnostic Verification of Intelligent Recognition System for Endoscopic Images From Early Gastric Cancer Based on YOLO-V3 Algorithm,"Yao Z, Jin T, Mao B, Lu B, Zhang Y, Li S, Chen W.",2022,10.3389/fonc.2022.815951,Front Oncol,duplicate,Duplicata de 'Construction and Multicenter Diagnostic Verification of Intelligent Recognition …' já presente em Scopus/S1.,PubMed/S2,sim
PubMed,S2,PubMed S2 — DL/CNN específico em endoscopia alta,pmid_39568702,Use of artificial intelligence for the detection of Helicobacter pylori infection from upper gastrointestinal endoscopy images: an updated systematic review and meta-analysis,"Parkash O, Lal A, Subash T, Sultan U, Tahir HN, Hoodbhoy Z, Sundar S, Das JK.",2024,10.20524/aog.2024.0913,Ann Gastroenterol,duplicate,Duplicata de 'Use of artificial intelligence for the detection of Helicobacter pylori infectio…' já presente em Scopus/S1.,PubMed/S2,sim
PubMed,S2,PubMed S2 — DL/CNN específico em endoscopia alta,pmid_38184117,"Efficacy of artificial intelligence in reducing miss rates of GI adenomas, polyps, and sessile serrated lesions: a meta-analysis of randomized controlled trials","Jin XF, Ma HY, Shi JW, Cai JT.",2024,10.1016/j.gie.2024.01.004,Gastrointest Endosc,included,DL/CV em endoscopia com achado do trato GI alto.,PubMed/S2; PubMed/S3,sim
PubMed,S2,PubMed S2 — DL/CNN específico em endoscopia alta,pmid_41315149,SIG-CFFNet: Structural Information-Guided Cascaded Feature Fusion Network for Gastrointestinal Anatomy Classification,"Tan X, Gong X, Fan L, Luo T.",2026,10.1007/s10439-025-03920-x,Ann Biomed Eng,included,DL/CV em endoscopia com achado do trato GI alto.,PubMed/S2,sim
PubMed,S2,PubMed S2 — DL/CNN específico em endoscopia alta,pmid_40580098,Virtual NBI image synthesis using stable diffusion for enhanced recognition of early gastric cancer: a technical validation study,"Lei C, Kan X, Ouyang Y, Mei Y, Guo Y, Hong K, Li J, Wang B, Li R.",2025,10.1080/07853890.2025.2523565,Ann Med,duplicate,Duplicata de 'Virtual NBI image synthesis using stable diffusion for enhanced recognition of e…' já presente em Scopus/S1.,PubMed/S2,sim
PubMed,S2,PubMed S2 — DL/CNN específico em endoscopia alta,pmid_31392767,Artificial intelligence using a convolutional neural network for automatic detection of small-bowel angioectasia in capsule endoscopy images,"Tsuboi A, Oka S, Aoyama K, Saito H, Aoki T, Yamada A, Matsuda T, Fujishiro M, Ishihara S, Nakahori M, Koike K, Tanaka S, Tada T.",2020,10.1111/den.13507,Dig Endosc,included,DL/CV em endoscopia com achado do trato GI alto.,PubMed/S2,sim
PubMed,S2,PubMed S2 — DL/CNN específico em endoscopia alta,pmid_34547254,Real-time artificial intelligence for detecting focal lesions and diagnosing neoplasms of the stomach by white-light endoscopy (with videos),"Wu L, Xu M, Jiang X, He X, Zhang H, Ai Y, Tong Q, Lv P, Lu B, Guo M, Huang M, Ye L, Shen L, Yu H.",2022,10.1016/j.gie.2021.09.017,Gastrointest Endosc,duplicate,Duplicata de 'Real-time artificial intelligence for detecting focal lesions and diagnosing neo…' já presente em Scopus/S1.,PubMed/S2,sim
PubMed,S2,PubMed S2 — DL/CNN específico em endoscopia alta,pmid_29060567,Gastrointestinal bleeding detection in wireless capsule endoscopy images using handcrafted and CNN features,"Xiao Jia, Meng MQ.",2017,10.1109/EMBC.2017.8037526,Annu Int Conf IEEE Eng Med Biol Soc,included,DL/CV em endoscopia com achado do trato GI alto.,PubMed/S2,sim
PubMed,S2,PubMed S2 — DL/CNN específico em endoscopia alta,pmid_31758717,Automatic detection of blood content in capsule endoscopy images based on a deep convolutional neural network,"Aoki T, Yamada A, Kato Y, Saito H, Tsuboi A, Nakada A, Niikura R, Fujishiro M, Oka S, Ishihara S, Matsuda T, Nakahori M, Tanaka S, Koike K, Tada T.",2020,10.1111/jgh.14941,J Gastroenterol Hepatol,included,DL/CV em endoscopia com achado do trato GI alto.,PubMed/S2,sim
PubMed,S2,PubMed S2 — DL/CNN específico em endoscopia alta,pmid_30879352,Application of convolutional neural networks for evaluating Helicobacter pylori infection status on the basis of endoscopic images,"Shichijo S, Endo Y, Aoyama K, Takeuchi Y, Ozawa T, Takiyama H, Matsuo K, Fujishiro M, Ishihara S, Ishihara R, Tada T.",2019,10.1080/00365521.2019.1577486,Scand J Gastroenterol,duplicate,Duplicata de 'Application of convolutional neural networks for evaluating Helicobacter pylori …' já presente em Scopus/S1.,PubMed/S2,sim
PubMed,S2,PubMed S2 — DL/CNN específico em endoscopia alta,pmid_37696180,Rethinking exemplars for continual semantic segmentation in endoscopy scenes: Entropy-based mini-batch pseudo-replay,"Wang G, Bai L, Wu Y, Chen T, Ren H.",2023,10.1016/j.compbiomed.2023.107412,Comput Biol Med,included,"Sinais ambíguos no abstract, mas recuperado por string forte (Pub-Med/S2) com filtro endoscopia alta + IA — confiável.",PubMed/S2,sim
PubMed,S2,PubMed S2 — DL/CNN específico em endoscopia alta,pmid_29056541,Application of Convolutional Neural Networks in the Diagnosis of Helicobacter pylori Infection Based on Endoscopic Images,"Shichijo S, Nomura S, Aoyama K, Nishikawa Y, Miura M, Shinagawa T, Takiyama H, Tanimoto T, Ishihara S, Matsuo K, Tada T.",2017,10.1016/j.ebiom.2017.10.014,EBioMedicine,duplicate,Duplicata de 'Application of Convolutional Neural Networks in the Diagnosis of Helicobacter py…' já presente em Scopus/S1.,PubMed/S2,sim
PubMed,S2,PubMed S2 — DL/CNN específico em endoscopia alta,pmid_41289131,A Dual-Generalization Low-Light Enhancement Framework for Capsule Endoscopy Image Restoration and Segmentation,"Wang S, Liu J, Zhu R, Huang C, Jing M, Fan Y.",2026,10.1109/TMI.2025.3636480,IEEE Trans Med Imaging,included,DL/CV em endoscopia com achado do trato GI alto.,PubMed/S2,sim
PubMed,S2,PubMed S2 — DL/CNN específico em endoscopia alta,pmid_32504696,A computer-assisted algorithm for narrow-band imaging-based tissue characterization in Barrett's esophagus,"Struyvenberg MR, de Groof AJ, van der Putten J, van der Sommen F, Baldaque-Silva F, Omae M, Pouw R, Bisschops R, Vieth M, Schoon EJ, Curvers WL, de With PH, Bergman JJ.",2021,10.1016/j.gie.2020.05.050,Gastrointest Endosc,included,DL/CV em endoscopia com achado do trato GI alto.,PubMed/S2; PubMed/S3,sim
PubMed,S2,PubMed S2 — DL/CNN específico em endoscopia alta,pmid_30452913,Application of convolutional neural network in the diagnosis of the invasion depth of gastric cancer based on conventional endoscopy,"Zhu Y, Wang QC, Xu MD, Zhang Z, Cheng J, Zhong YS, Zhang YQ, Chen WF, Yao LQ, Zhou PH, Li QL.",2019,10.1016/j.gie.2018.11.011,Gastrointest Endosc,duplicate,Duplicata de 'Application of convolutional neural network in the diagnosis of the invasion dep…' já presente em Scopus/S1.,PubMed/S2,sim
PubMed,S2,PubMed S2 — DL/CNN específico em endoscopia alta,pmid_39824869,GastroHUN an Endoscopy Dataset of Complete Systematic Screening Protocol for the Stomach,"Bravo D, Frias J, Vera F, Trejos J, Martínez C, Gómez M, González F, Romero E.",2025,10.1038/s41597-025-04401-5,Sci Data,duplicate,Duplicata de 'GastroHUN an Endoscopy Dataset of Complete Systematic Screening Protocol for the…' já presente em Springer Nature Link/S1.,PubMed/S2,sim
PubMed,S2,PubMed S2 — DL/CNN específico em endoscopia alta,pmid_31759929,Deep-Learning System Detects Neoplasia in Patients With Barrett's Esophagus With Higher Accuracy Than Endoscopists in a Multistep Training and Validation Study With Benchmarking,"de Groof AJ, Struyvenberg MR, van der Putten J, van der Sommen F, Fockens KN, Curvers WL, Zinger S, Pouw RE, Coron E, Baldaque-Silva F, Pech O, Weusten B, Meining A, Neuhaus H, Bisschops R, Dent J, Schoon EJ, de With PH, Bergman JJ.",2020,10.1053/j.gastro.2019.11.030,Gastroenterology,included,DL/CV em endoscopia com achado do trato GI alto.,PubMed/S2; PubMed/S3,sim
PubMed,S2,PubMed S2 — DL/CNN específico em endoscopia alta,pmid_40890219,Gastrointestinal tract disease classification from wireless capsule endoscopy images based on deep learning information fusion and Newton Raphson controlled marine predator algorithm,"Rubab S, Jamshed M, Khan MA, Almujally NA, Damaševičius R, Hussain A, Han N, Nam Y.",2025,10.1038/s41598-025-17204-w,Sci Rep,included,DL/CV em endoscopia com achado do trato GI alto.,PubMed/S2,sim
PubMed,S2,PubMed S2 — DL/CNN específico em endoscopia alta,pmid_33833355,Ability of artificial intelligence to detect T1 esophageal squamous cell carcinoma from endoscopic videos and the effects of real-time assistance,"Shiroma S, Yoshio T, Kato Y, Horie Y, Namikawa K, Tokai Y, Yoshimizu S, Yoshizawa N, Horiuchi Y, Ishiyama A, Hirasawa T, Tsuchida T, Akazawa N, Akiyama J, Tada T, Fujisaki J.",2021,10.1038/s41598-021-87405-6,Sci Rep,duplicate,Duplicata de 'Ability of artificial intelligence to detect T1 esophageal squamous cell carcino…' já presente em Scopus/S1.,PubMed/S2,sim
PubMed,S2,PubMed S2 — DL/CNN específico em endoscopia alta,pmid_41560382,Endoscopic Diagnosis of Eosinophilic Esophagitis Using a Multi-Task U-Net: A Pilot Study,"Kim GH, Park J, Park S, Hwang J, Lim J, Park K, Ji S, Park K, Seo JY, Noh JH, Ahn JY, Byeon JS, Kim DH, Kim N.",2026,10.3349/ymj.2024.0404,Yonsei Med J,included,DL/CV em endoscopia com achado do trato GI alto.,PubMed/S2,sim
PubMed,S2,PubMed S2 — DL/CNN específico em endoscopia alta,pmid_30670179,Automatic detection of erosions and ulcerations in wireless capsule endoscopy images based on a deep convolutional neural network,"Aoki T, Yamada A, Aoyama K, Saito H, Tsuboi A, Nakada A, Niikura R, Fujishiro M, Oka S, Ishihara S, Matsuda T, Tanaka S, Koike K, Tada T.",2019,10.1016/j.gie.2018.10.027,Gastrointest Endosc,included,DL/CV em endoscopia com achado do trato GI alto.,PubMed/S2; PubMed/S3,sim
PubMed,S2,PubMed S2 — DL/CNN específico em endoscopia alta,pmid_31077698,Classification for invasion depth of esophageal squamous cell carcinoma using a deep neural network compared with experienced endoscopists,"Nakagawa K, Ishihara R, Aoyama K, Ohmori M, Nakahira H, Matsuura N, Shichijo S, Nishida T, Yamada T, Yamaguchi S, Ogiyama H, Egawa S, Kishida O, Tada T.",2019,10.1016/j.gie.2019.04.245,Gastrointest Endosc,included,DL/CV em endoscopia com achado do trato GI alto.,PubMed/S2,sim
PubMed,S2,PubMed S2 — DL/CNN específico em endoscopia alta,pmid_32084410,Automatic detection and classification of protruding lesions in wireless capsule endoscopy images based on a deep convolutional neural network,"Saito H, Aoki T, Aoyama K, Kato Y, Tsuboi A, Yamada A, Fujishiro M, Oka S, Ishihara S, Matsuda T, Nakahori M, Tanaka S, Koike K, Tada T.",2020,10.1016/j.gie.2020.01.054,Gastrointest Endosc,included,"Sinais ambíguos no abstract, mas recuperado por string forte (Pub-Med/S2) com filtro endoscopia alta + IA — confiável.",PubMed/S2,sim
PubMed,S2,PubMed S2 — DL/CNN específico em endoscopia alta,pmid_32778959,Real-time assessment of video images for esophageal squamous cell carcinoma invasion depth using artificial intelligence,"Shimamoto Y, Ishihara R, Kato Y, Shoji A, Inoue T, Matsueda K, Miyake M, Waki K, Kono M, Fukuda H, Matsuura N, Nagaike K, Aoi K, Yamamoto K, Inoue T, Nakahara M, Nishihara A, Tada T.",2020,10.1007/s00535-020-01716-5,J Gastroenterol,included,DL/CV em endoscopia com achado do trato GI alto.,PubMed/S2,sim
PubMed,S2,PubMed S2 — DL/CNN específico em endoscopia alta,pmid_33242010,Automated Diagnosis of Various Gastrointestinal Lesions Using a Deep Learning-Based Classification and Retrieval Framework With a Large Endoscopic Database: Model Development and Validation,"Owais M, Arsalan M, Mahmood T, Kang JK, Park KR.",2020,10.2196/18563,J Med Internet Res,included,DL/CV em endoscopia com achado do trato GI alto.,PubMed/S2,sim
PubMed,S2,PubMed S2 — DL/CNN específico em endoscopia alta,pmid_40165262,A novel network-level fused deep learning architecture with shallow neural network classifier for gastrointestinal cancer classification from wireless capsule endoscopy images,"Khan MA, Shafiq U, Hamza A, Mirza AM, Baili J, AlHammadi DA, Cho HC, Chang B.",2025,10.1186/s12911-025-02966-0,BMC Med Inform Decis Mak,included,DL/CV em endoscopia com achado do trato GI alto.,PubMed/S2,sim
PubMed,S2,PubMed S2 — DL/CNN específico em endoscopia alta,pmid_32557474,Automatic detection of different types of small-bowel lesions on capsule endoscopy images using a newly developed deep convolutional neural network,"Otani K, Nakada A, Kurose Y, Niikura R, Yamada A, Aoki T, Nakanishi H, Doyama H, Hasatani K, Sumiyoshi T, Kitsuregawa M, Harada T, Koike K.",2020,10.1055/a-1167-8157,Endoscopy,included,DL/CV em endoscopia com achado do trato GI alto.,PubMed/S2; PubMed/S3,sim
PubMed,S2,PubMed S2 — DL/CNN específico em endoscopia alta,pmid_40615761,eNCApsulate: neural cellular automata for precision diagnosis on capsule endoscopes,"Krumb HJ, Mukhopadhyay A.",2026,10.1007/s11548-025-03425-x,Int J Comput Assist Radiol Surg,duplicate,Duplicata de 'eNCApsulate: neural cellular automata for precision diagnosis on capsule endosco…' já presente em Scopus (VLM/FMs)/S1.,PubMed/S2,sim
PubMed,S2,PubMed S2 — DL/CNN específico em endoscopia alta,pmid_38412993,Artificial intelligence-assisted system for the assessment of Forrest classification of peptic ulcer bleeding: a multicenter diagnostic study,"He XJ, Wang XL, Su TK, Yao LJ, Zheng J, Wen XD, Xu QW, Huang QR, Chen LB, Chen CX, Lin HF, Chen YQ, Hu YX, Zhang KH, Jiang CS, Liu G, Li DZ, Li DL, Wen W.",2024,10.1055/a-2252-4874,Endoscopy,duplicate,Duplicata de 'Artificial intelligence-assisted system for the assessment of Forrest classifica…' já presente em Scopus/S1.,PubMed/S2,sim
PubMed,S2,PubMed S2 — DL/CNN específico em endoscopia alta,pmid_41620373,Selection of the best artificial intelligence techniques for analysis of gastrointestinal endoscopic images,"You G, Yang Y, Shen Y.",2026,10.1016/j.ajg.2025.09.021,Arab J Gastroenterol,included,DL/CV em endoscopia com achado do trato GI alto.,PubMed/S2; ScienceDirect/S1; ScienceDirect/S2; ScienceDirect/S5; ScienceDirect/S8,sim
PubMed,S2,PubMed S2 — DL/CNN específico em endoscopia alta,pmid_31926965,Deep learning algorithm detection of Barrett's neoplasia with high accuracy during live endoscopic procedures: a pilot study (with video),"de Groof AJ, Struyvenberg MR, Fockens KN, van der Putten J, van der Sommen F, Boers TG, Zinger S, Bisschops R, de With PH, Pouw RE, Curvers WL, Schoon EJ, Bergman JJGHM.",2020,10.1016/j.gie.2019.12.048,Gastrointest Endosc,included,DL/CV em endoscopia com achado do trato GI alto.,PubMed/S2; PubMed/S3,sim
PubMed,S2,PubMed S2 — DL/CNN específico em endoscopia alta,pmid_39955610,Application of artificial intelligence in the detection of Borrmann type 4 advanced gastric cancer in upper endoscopy (with video),"Oh MJ, Park J, Jeon J, Park M, Kang S, Kim SH, Park SH, Chang YH, Shin CM, Kang SJ, Lee S, Kim SG, Cho SJ.",2025,10.1002/cncr.35768,Cancer,duplicate,Duplicata de 'Application of artificial intelligence in the detection of Borrmann type 4 advan…' já presente em Scopus/S1.,PubMed/S2,sim
PubMed,S2,PubMed S2 — DL/CNN específico em endoscopia alta,pmid_29935613,Deep learning-based endoscopic image recognition for detection of early gastric cancer: a Chinese perspective,"Wang Z, Meng Q, Wang S, Li Z, Bai Y, Wang D.",2018,10.1016/j.gie.2018.01.029,Gastrointest Endosc,included,"Título/keywords indicam DL/CV em endoscopia digestiva alta ou achado GI, mesmo sem abstract.",PubMed/S2; ScienceDirect/S1; ScienceDirect/S2; Scopus/S1,não
PubMed,S2,PubMed S2 — DL/CNN específico em endoscopia alta,pmid_39943388,Localization of Capsule Endoscope in Alimentary Tract by Computer-Aided Analysis of Endoscopic Images,"Zhang R, Peng B, Liu Y, Liu X, Huang J, Suzuki K, Nakajima Y, Nemoto D, Togashi K, Zhu X.",2025,10.3390/s25030746,Sensors (Basel),included,DL/CV em endoscopia com achado do trato GI alto.,PubMed/S2,sim
PubMed,S2,PubMed S2 — DL/CNN específico em endoscopia alta,pmid_33197942,Endoscopic prediction of submucosal invasion in Barrett's cancer with the use of artificial intelligence: a pilot study,"Ebigbo A, Mendel R, Rückert T, Schuster L, Probst A, Manzeneder J, Prinz F, Mende M, Steinbrück I, Faiss S, Rauber D, de Souza LA Jr, Papa JP, Deprez PH, Oyama T, Takahashi A, Seewald S, Sharma P, Byrne MF, Palm C, Messmann H.",2021,10.1055/a-1311-8570,Endoscopy,included,DL/CV em endoscopia com achado do trato GI alto.,PubMed/S2,sim
PubMed,S2,PubMed S2 — DL/CNN específico em endoscopia alta,pmid_33254026,Development and validation of a real-time artificial intelligence-assisted system for detecting early gastric cancer: A multicentre retrospective diagnostic study,"Tang D, Wang L, Ling T, Lv Y, Ni M, Zhan Q, Fu Y, Zhuang D, Guo H, Dou X, Zhang W, Xu G, Zou X.",2020,10.1016/j.ebiom.2020.103146,EBioMedicine,duplicate,Duplicata de 'Development and validation of a real-time artificial intelligence-assisted syste…' já presente em Scopus/S1.,PubMed/S2,sim
PubMed,S2,PubMed S2 — DL/CNN específico em endoscopia alta,pmid_33119718,Artificial intelligence that determines the clinical significance of capsule endoscopy images can increase the efficiency of reading,"Park J, Hwang Y, Nam JH, Oh DJ, Kim KB, Song HJ, Kim SH, Kang SH, Jung MK, Jeong Lim Y.",2020,10.1371/journal.pone.0241474,PLoS One,included,"Sinais ambíguos no abstract, mas recuperado por string forte (Pub-Med/S2) com filtro endoscopia alta + IA — confiável.",PubMed/S2,sim
PubMed,S2,PubMed S2 — DL/CNN específico em endoscopia alta,pmid_29991891,Artificial intelligence diagnosis of Helicobacter pylori infection using blue laser imaging-bright and linked color imaging: a single-center prospective study,"Nakashima H, Kawahira H, Kawachi H, Sakaki N.",2018,10.20524/aog.2018.0269,Ann Gastroenterol,duplicate,Duplicata de 'Artificial intelligence diagnosis of helicobacter pylori infection using blue la…' já presente em Scopus/S1.,PubMed/S2,sim
